covariate,Coefficient,Hazard_Ratio,SE,Coef_95CI_lower,Coef_95CI_upper,HR_95CI_lower,HR_95CI_upper,cmp to,Z_score,P_value,-log2(p)
RNA_RB1,0.2873561702514808,1.3328988678667377,0.12086983079167302,0.05045565508235125,0.5242566854206103,1.0517502225438637,1.6892027725588017,0.0,2.3774019403299884,0.017435078033314958,5.84186336864694
RNA_RETN,0.25907606275682604,1.295732358055148,0.05698180948460002,0.14739376839308715,0.37075835712056493,1.1588101760237375,1.448832930922383,0.0,4.546645062699251,5.450780562408567e-06,17.485105727896762
RNA_TP53,0.05401535501143566,1.055500809257646,0.10162541377653256,-0.14516679590454878,0.25319750592742013,0.864878022967076,1.2881376665365405,0.0,0.5315142443622595,0.5950624730828835,0.7488869560877273
CNV_LBX1,-1.2887269611855166,0.27562143663154687,0.4756849409527241,-2.221052313440918,-0.3564016089301151,0.108494878113733,0.7001913606576242,0.0,-2.709202773172499,0.00674451056159313,7.212070531775044
CNV_CEACAM8,-0.07295578179017342,0.9296419362191642,0.17007834925379842,-0.4063032208776431,0.26039165729729624,0.6661081588992862,1.2974381382828648,0.0,-0.4289539621607309,0.6679567285837338,0.5821734494929695
CNV_PTEN,-1.51263432901382,0.22032879424566001,0.4142873542575986,-2.3246226226091,-0.7006460354185401,0.09782035227606614,0.4962645957023803,0.0,-3.6511718580559984,0.0002610464791227503,11.903405679152836
