Concordance_index,Log_likelihood,Partial_AIC,N_samples,N_events
0.8143867023309133,-1082.5099011084765,2177.019802216953,606,224
