,RNA_logFC,RNA_adj_pval,CNV_gain_GBM,CNV_gain_LGG,CNV_gain_FDR,CNV_loss_GBM,CNV_loss_LGG,CNV_loss_FDR,Mutation_GBM,Mutation_LGG,Mutation_FDR
PTEN,-0.025353575,0.0026771984002677,1,2,0.7006885029578778,471,104,7.3882411239474105e-109,84.0,26.0,1.0838375986647922e-18
TP53,0.031573325,0.015224543138645,8,7,1.0,68,9,8.264085010404283e-12,80.0,250.0,0.0001126042452383
RB1,0.010928937,0.2825334847553045,2,4,0.5398179532140471,198,94,1.3382827077271014e-10,24.0,6.0,0.0001615998109906
RETN,1.1533556,0.0003264976525259,178,47,4.791682188126396e-21,11,5,0.3091210849641047,,,
LBX1,1.1003406,0.0006200903438812,1,3,0.4646395630285004,465,107,2.5964975138793605e-103,,,
CEACAM8,1.0017201,0.0004507378379875,143,27,3.101695225196699e-21,47,233,7.239540235827719e-42,,,
